Model,Accuracy,Precision,Recall,F1 Score,Parameters
CNN_BiLSTM,0.9417870283925531,0.9206678666312528,0.943789047967217,0.9314263320362306,295692
MULTI_HEAD_CNN_ResBiLSTM,0.918666593442803,0.8740072764301496,0.956800892064833,0.9110719065361654,601292
XGBoost,0.9187764292382887,0.8952357799870913,0.9022490293730664,0.8983142257151422,300
MULTI_HEAD_CNN_BiLSTM,0.9093305508265144,0.8677622125636608,0.9213447122516699,0.8879950813386537,608908
CNN_BiGRU,0.8904937119007085,0.8359294855512732,0.9406588530255293,0.8808297613906615,244492
CNN_ResBiLSTM,0.8501839749574386,0.842598326076445,0.9360172627116298,0.8704047162132929,230668
CNN_ResBiGRU,0.823768466143116,0.8376183700568544,0.934520797362115,0.8618475466713532,195852
Rocket,0.8885715854797078,0.9344043401684887,0.7869395611398592,0.8417360778799479,1000
RandomForest,0.7904882201109341,0.8045910996458555,0.861998059754597,0.8118595073896205,300
